Review ID,Customer Name,Rating,Review Text,Date,Product/Business Name
REV-1001,Alexander Wright,5,"The active noise cancellation on these NovaSound headphones is absolutely phenomenal! I use them daily on the subway and it completely blocks out train screeching. Battery lasts over 35 hours.",2024-01-15,NovaSound Pro Headphones
REV-1002,Sophia Martinez,5,"Exceptional soundstage, punchy bass without overpowering the mids, and ultra-comfortable earcups. Definitely worth every penny of the price tag.",2024-01-16,NovaSound Pro Headphones
REV-1003,Liam Johnson,1,"Terrible experience. The left ear cup stopped working after barely two weeks of gentle use. Customer support refused to issue a replacement without me paying return shipping.",2024-01-18,NovaSound Pro Headphones
REV-1004,Emma Davis,4,"Great sound quality and sleek minimalist design. The companion app could use an equalizer update, but overall very satisfied with build quality.",2024-01-20,NovaSound Pro Headphones
REV-1005,Noah Wilson,2,"Bluetooth connection constantly drops when walking outside in windy weather. Battery life is decent, but micro-stuttering makes listening to podcasts infuriating.",2024-01-22,NovaSound Pro Headphones
REV-1006,Olivia Taylor,5,"Superb build quality! Plush memory foam cushions feel fantastic even during 8-hour work sessions. Noise cancelling easily rivals Sony and Bose.",2024-01-25,NovaSound Pro Headphones
REV-1007,Lucas Anderson,1,"Awful build quality. The headband plastic snapped right down the center while adjusting the size. Cheap brittle materials. Horrible customer service too.",2024-01-28,NovaSound Pro Headphones
REV-1008,Ava Thomas,3,"Average headphones. Sound is clean and crisp, but bass is weak. For $250, I expected better noise isolation and a sturdier hardshell travel case.",2024-02-01,NovaSound Pro Headphones
REV-1009,Ethan Jackson,5,"Fast Bluetooth pairing, multipoint connectivity works seamlessly between my MacBook and iPhone. Call quality with the built-in microphone is crystal clear.",2024-02-04,NovaSound Pro Headphones
REV-1010,Isabella White,1,"Worst customer support ever. Contacted warranty department three times and got automated bot responses each time. I want a full refund!",2024-02-07,NovaSound Pro Headphones
REV-1011,Mason Harris,4,"Solid battery life and rapid charging via USB-C. 15 minutes of charging gives about 5 hours of playback. Highs can be a bit sharp at high volumes.",2024-02-10,NovaSound Pro Headphones
REV-1012,Mia Martin,5,"Incredible noise cancellation! Flawless audio fidelity for classical music and acoustic tracks. Very lightweight and comfortable on my ears.",2024-02-12,NovaSound Pro Headphones
REV-1013,Benjamin Thompson,2,"Battery drain issue when powered off. I charge it overnight, leave it in the drawer for two days, and it discharges to zero without being used. Software bug?",2024-02-15,NovaSound Pro Headphones
REV-1014,Charlotte Garcia,5,"The ambient transparency mode is brilliant. Sounds natural without any electronic hiss. Premium tactile volume buttons are much better than touch gestures.",2024-02-18,NovaSound Pro Headphones
REV-1015,James Robinson,1,"Heavy clamping force gave me severe headaches within 30 minutes. Also noticed a persistent high-pitched whine whenever ANC is toggled on. Returned.",2024-02-21,NovaSound Pro Headphones
REV-1016,Amelia Clark,4,"Reliable daily driver for audio engineers and casual listeners alike. Clear vocals and punchy sub-bass. Wish it came with an airplane adapter.",2024-02-24,NovaSound Pro Headphones
REV-1017,Logan Rodriguez,3,"Decent sound performance, but the microphone picks up every background keyboard click during Zoom meetings. Needs noise suppression in mic.",2024-02-27,NovaSound Pro Headphones
REV-1018,Harper Lewis,5,"Exceeded all expectations! Deep rich acoustic depth, premium aluminum finish, and battery easily lasts an entire transatlantic flight and back.",2024-03-01,NovaSound Pro Headphones
REV-1019,Elijah Lee,2,"Fails to connect automatically to remembered devices. Every morning I have to manually forget and re-pair the device. Annoying software glitch.",2024-03-03,NovaSound Pro Headphones
REV-1020,Evelyn Walker,5,"Best headphones I have ever purchased. The sound separation across complex orchestral tracks is simply magnificent. 10/10 recommendation.",2024-03-06,NovaSound Pro Headphones
REV-1021,Daniel Hall,1,"Complete scam. Ordered brand new and received an opened box with missing charging cable and scratched headband. Support was completely unhelpful.",2024-03-09,NovaSound Pro Headphones
REV-1022,Abigail Allen,4,"Great sound clarity, effective noise isolation, and sturdy hinge construction. A bit bulky around the neck when not wearing them, but well worth the cost.",2024-03-12,NovaSound Pro Headphones
REV-1023,Henry Young,5,"Audiophile grade sound quality at an accessible price. Dynamic range is outstanding and spatial audio adds an immersive depth to movies.",2024-03-15,NovaSound Pro Headphones
REV-1024,Emily Hernandez,3,"Sound is satisfactory but earcups get hot and sweaty after an hour. Would prefer breathable velour pads instead of synthetic leather.",2024-03-18,NovaSound Pro Headphones
REV-1025,Michael King,1,"Crackling sound in the right driver started after 3 weeks. Warranty service refused repair citing improper care despite no drops or water exposure.",2024-03-21,NovaSound Pro Headphones
REV-1026,Ella Wright,5,"Battery life is a beast! Easily hit 40 hours with active noise cancelling turned on. Perfect travel companion for frequent business travelers.",2024-03-24,NovaSound Pro Headphones
REV-1027,Sebastian Lopez,4,"Nice design, clean mids, crisp highs. The travel case is protective and sturdy. Mobile app equalizer presets are actually well tuned.",2024-03-27,NovaSound Pro Headphones
REV-1028,Avery Hill,2,"Volume levels are way too low even at maximum threshold. Can barely hear audio when riding the bus or walking down busy avenues.",2024-03-30,NovaSound Pro Headphones
REV-1029,Jackson Scott,5,"Unbelievable sound clarity. You can hear delicate instrument nuances you never noticed before. Comfortable headband padding prevents pressure spots.",2024-04-02,NovaSound Pro Headphones
REV-1030,Scarlett Green,1,"Disastrous firmware update bricked the headphones completely! Red indicator light stays blinking and won't reset. Support has gone silent.",2024-04-05,NovaSound Pro Headphones
REV-1031,David Adams,4,"Very pleased with the audio fidelity and noise cancelling capabilities. Great comfort for long listening sessions. Mic is adequate.",2024-04-08,NovaSound Pro Headphones
REV-1032,Chloe Baker,5,"Premium product through and through. Outstanding bass depth, quick charging, and exquisite industrial aesthetic. Highly satisfied!",2024-04-11,NovaSound Pro Headphones
REV-1033,Carter Gonzalez,3,"Sound is decent, ANC is mediocre compared to market leaders. For this price point, I expected a dedicated mute toggle for calls.",2024-04-14,NovaSound Pro Headphones
REV-1034,Victoria Nelson,5,"Love the touch and button hybrid controls. Noise cancelling dampens office chatter completely. Couldn't work without them now.",2024-04-17,NovaSound Pro Headphones
REV-1035,Wyatt Carter,1,"The ear cushions started peeling and shedding fake leather flakes within two months of light desk use. Terrible durability and cheap materials.",2024-04-20,NovaSound Pro Headphones
REV-1036,Penelope Mitchell,4,"Rich sound profile, fast and stable connectivity, good microphone quality. Only complaint is the slightly stiff zipper on the carrying pouch.",2024-04-23,NovaSound Pro Headphones
REV-1037,Owen Perez,5,"Top-notch sound engineering. Bass is tight, treble is airy and smooth, and spatial audio makes gaming sessions wildly immersive.",2024-04-26,NovaSound Pro Headphones
REV-1038,Riley Roberts,2,"Constant background hiss when ANC is activated in quiet rooms. Unusable for studying or late night reading. Disappointed.",2024-04-29,NovaSound Pro Headphones
REV-1039,Samuel Turner,5,"Best active noise cancellation on the market. Blocks airplane jet engines effortlessly. Comfortable memory foam cushions provide total seal.",2024-05-02,NovaSound Pro Headphones
REV-1040,Lillian Phillips,1,"Defective unit right out of the box. Wouldn't charge past 10%. Support asked me to pay shipping for warranty assessment. Ridiculous.",2024-05-05,NovaSound Pro Headphones
REV-1041,Gabriel Campbell,4,"Outstanding acoustic separation. Voice calls sound crisp and natural. Earcups rotate nicely for compact storage.",2024-05-08,NovaSound Pro Headphones
REV-1042,Zoey Parker,5,"Everything about these headphones screams luxury: sound quality, craftsmanship, and battery performance. Worth every cent.",2024-05-11,NovaSound Pro Headphones
REV-1043,Anthony Evans,3,"Sound is clear but lacks warm low-end bass. Companion app requires an account signup which is completely unnecessary.",2024-05-14,NovaSound Pro Headphones
REV-1044,Hannah Edwards,5,"Terrific battery longevity and instant connection to my laptop. Ambient mode works like a charm when chatting with coworkers.",2024-05-17,NovaSound Pro Headphones
REV-1045,Dylan Collins,1,"Headband broke after 4 weeks of ordinary use. Cheap plastic snapped in half. Customer support ignored my emails and ticket requests.",2024-05-20,NovaSound Pro Headphones
REV-1046,Nora Stewart,4,"Very satisfied with the noise suppression in busy cafes. Comfortable ear cups, clear microphones, and responsive controls.",2024-05-23,NovaSound Pro Headphones
REV-1047,Luke Sanchez,5,"Acoustic performance is simply breathtaking. High fidelity audio with punchy bass and crystalline treble. Fantastic battery reserve.",2024-05-26,NovaSound Pro Headphones
REV-1048,Grace Morris,2,"Heavy latency when watching videos on PC. Lip sync is off by nearly half a second. Not suitable for gaming or movie watching.",2024-05-29,NovaSound Pro Headphones
REV-1049,Isaac Rogers,5,"Greatest headphones I have owned. Superior comfort, flawless Bluetooth range, and deep immersive sound. Highly recommended.",2024-06-01,NovaSound Pro Headphones
REV-1050,Stella Reed,1,"Loud humming noise in left ear cup. Resetting did not fix it. Very poor quality control and non-existent refund policy.",2024-06-04,NovaSound Pro Headphones
REV-2001,Marcus Brody,5,"CloudSync Ultra has transformed our remote engineering workflow. End-to-end encryption, blazing fast sync speeds, and seamless file versioning.",2024-01-10,CloudSync Cloud Storage
REV-2002,Elena Rostova,5,"The automatic backup feature works silently in the background without hogging system RAM. Restored 200GB of design files in under an hour.",2024-01-13,CloudSync Cloud Storage
REV-2003,Trevor Vance,1,"Unmitigated disaster. CloudSync corrupted several SQLite database files during background sync. Customer support claimed it was user error. Avoid!",2024-01-17,CloudSync Cloud Storage
REV-2004,Samantha Patel,4,"Very intuitive desktop client and sleek web dashboard. File sharing permissions are granular and easy to manage for team projects.",2024-01-21,CloudSync Cloud Storage
REV-2005,Derek O'Connor,2,"Sync speeds are throttled severely on files larger than 5GB. Customer service takes 48 hours to reply to enterprise priority tickets.",2024-01-26,CloudSync Cloud Storage
REV-2006,Rachel Kim,5,"Security and zero-knowledge privacy features are top notch. Selective sync saves precious SSD storage on my MacBook.",2024-01-30,CloudSync Cloud Storage
REV-2007,Brandon Walsh,1,"They silently increased monthly subscription pricing by 40% without prior notification. When I cancelled, they locked my files for two weeks.",2024-02-03,CloudSync Cloud Storage
REV-2008,Fiona Gallagher,3,"Good storage capacity for the price, but desktop client consumes 1.5GB of RAM in idle state. Needs optimization.",2024-02-08,CloudSync Cloud Storage
REV-2009,Nathaniel Drake,5,"Zero issues over six months of daily usage. Fast file previewing for Photoshop and Illustrator files right in the web interface.",2024-02-13,CloudSync Cloud Storage
REV-2010,Clara Oswald,1,"File conflict resolution is broken. Overwrote my team's updated spreadsheet with an outdated local cache without asking.",2024-02-17,CloudSync Cloud Storage
REV-2011,Julian Bashir,4,"Reliable synchronization across Windows, Linux, and iOS. Quick upload speeds over fiber connection. Good audit log features.",2024-02-22,CloudSync Cloud Storage
REV-2012,Tara MacLeod,5,"Exceptional cloud storage service. Automated photo backup on mobile is fast and seamlessly organizes photos by album and date.",2024-02-26,CloudSync Cloud Storage
REV-2013,Simon Cowell,2,"Web interface is sluggish and freezes frequently when opening folders with over 1,000 items. Search indexing needs serious improvement.",2024-03-02,CloudSync Cloud Storage
REV-2014,Monica Geller,5,"Organizing project folders has never been easier. File recovery history saved our team from losing critical client presentations.",2024-03-07,CloudSync Cloud Storage
REV-2015,Ross Geller,1,"Accidentally deleted a folder and the trash bin recovery failed with an internal 500 error. Lost two months of research notes.",2024-03-11,CloudSync Cloud Storage
REV-2016,Phoebe Buffay,4,"Clean UI, simple drag-and-drop uploads, and generous free tier storage. Paid upgrades are reasonably priced compared to competitors.",2024-03-16,CloudSync Cloud Storage
REV-2017,Chandler Bing,3,"Average cloud service. File transfer speed fluctuates wildly during peak afternoon hours. Support team is polite but slow.",2024-03-20,CloudSync Cloud Storage
REV-2018,Joey Tribbiani,5,"Super easy to use! Share links with custom passwords and expiration dates keep our client media files strictly protected.",2024-03-25,CloudSync Cloud Storage
REV-2019,Janice Hosenstein,1,"Billing department charged my credit card twice this month and customer support refuses to issue a direct refund, offering useless store credit instead!",2024-03-29,CloudSync Cloud Storage
REV-2020,Gunther Central,5,"Flawless sync across all office workstations. Offline file access works reliably on airplanes. Highly recommended for small businesses.",2024-04-03,CloudSync Cloud Storage
REV-2021,Emily Waltham,4,"Sturdy backup mechanism with comprehensive version control. Restoring previous file revisions is fast and foolproof.",2024-04-07,CloudSync Cloud Storage
REV-2022,Mike Hannigan,2,"The desktop app frequently loses authentication token and requires signing in again every two days. Extremely irritating bug.",2024-04-12,CloudSync Cloud Storage
REV-2023,Carol Willick,5,"Fast upload speeds, clean modern UI, and robust zero-knowledge encryption protocols. Very impressed with performance.",2024-04-16,CloudSync Cloud Storage
REV-2024,Susan Bunch,1,"Sync client froze and caused blue screen of death (BSOD) on Windows 11 due to a faulty virtual drive file system driver.",2024-04-21,CloudSync Cloud Storage
REV-2025,Richard Burke,4,"Solid cloud backup platform. Automatic sync of desktop folders works smoothly without any noticeable computer lag.",2024-04-25,CloudSync Cloud Storage
REV-2026,Jill Green,5,"Our creative agency relies on CloudSync daily for massive 4K video deliveries. Rock-solid uptime and blazing fast download speeds.",2024-04-30,CloudSync Cloud Storage
REV-2027,Amy Green,3,"Sync speed is acceptable, but Android app crashes intermittently when previewing raw camera image formats.",2024-05-04,CloudSync Cloud Storage
REV-2028,Ursula Buffay,1,"Support is virtually non-existent. Submitted a ticket about missing shared folders 10 days ago and haven't received a single human response.",2024-05-09,CloudSync Cloud Storage
REV-2029,Jack Geller,5,"Excellent security, seamless cross-platform syncing, and prompt customer assistance. Has eliminated all our file sharing headaches.",2024-05-13,CloudSync Cloud Storage
REV-2030,Judy Geller,4,"Simple to set up, reliable automated backups, and great collaboration features for our remote bookkeeping staff.",2024-05-18,CloudSync Cloud Storage
REV-3001,Gordon Ramsay,5,"SwiftEats has the fastest food delivery in the city! Gourmet food arrived piping hot, neatly packaged, and exactly within the estimated 20-minute window.",2024-01-08,SwiftEats Express Delivery
REV-3002,Jamie Oliver,5,"Great selection of local restaurants, transparent delivery fees, and the live courier GPS tracking on the map is amazingly accurate.",2024-01-12,SwiftEats Express Delivery
REV-3003,Marco White,1,"Disgraceful service. Driver delivered my pizza completely smashed upside down, cold, and soaked in sauce. Customer support refused to issue a refund!",2024-01-16,SwiftEats Express Delivery
REV-3004,Nigella Lawson,4,"Very convenient app interface and friendly delivery drivers. Food was fresh and warm. Minor delay during evening rush hour.",2024-01-19,SwiftEats Express Delivery
REV-3005,Anthony Bourdain,2,"Order was 45 minutes late and lukewarm. Customer service bot kept looping generic apology messages instead of contacting the driver.",2024-01-24,SwiftEats Express Delivery
REV-3006,Bobby Flay,5,"Always dependable! Driver followed delivery instructions to the letter and left order quietly on the porch as requested. Five stars.",2024-01-29,SwiftEats Express Delivery
REV-3007,Wolfgang Puck,1,"Driver marked the order as delivered but never actually showed up. Checked security cameras and no car ever arrived. Stole my meal and support didn't care.",2024-02-02,SwiftEats Express Delivery
REV-3008,Guy Fieri,4,"Awesome local burger joint options and rapid delivery! Drinks were packed securely without spills. Will definitely order again.",2024-02-06,SwiftEats Express Delivery
REV-3009,Thomas Keller,3,"Food was warm and on time, but the driver forgot the drinks and dipping sauces. Partial credit was issued quickly via in-app support.",2024-02-11,SwiftEats Express Delivery
REV-3010,Alice Waters,5,"Love the eco-friendly packaging initiative and fresh farm-to-table restaurant partners. Prompt delivery and courteous couriers.",2024-02-15,SwiftEats Express Delivery
REV-3011,David Chang,1,"Hidden service fees and inflated menu prices make this app exorbitant. Paid $45 for a $20 meal and it arrived completely ice cold.",2024-02-19,SwiftEats Express Delivery
REV-3012,Emeril Lagasse,5,"Bam! Food arrived blazing hot in less than 25 minutes. Courteous driver and seamless contactless handoff. Highly recommend SwiftEats.",2024-02-23,SwiftEats Express Delivery
REV-3013,Ina Garten,4,"Reliable delivery service for dinner parties when cooking isn't an option. Excellent bakery and dessert selections delivered fresh.",2024-02-28,SwiftEats Express Delivery
REV-3014,Alton Brown,2,"App crashed during checkout, charged my card twice, but restaurant only received one order. Spent an hour on the phone resolving billing.",2024-03-04,SwiftEats Express Delivery
REV-3015,Roy Choi,5,"Fastest delivery in downtown! Food arrives steaming hot, order accuracy has been 100% across dozens of orders. Top tier service.",2024-03-08,SwiftEats Express Delivery
REV-3016,Christina Tosi,1,"Delivery driver left the bakery cake tilted on the sidewalk in the rain. Ruined my daughter's birthday cake. Disgusting negligence.",2024-03-13,SwiftEats Express Delivery
REV-3017,Massimo Bottura,4,"Prompt delivery, pleasant interface, and good tracking. Occasionally items run out of stock after order confirmation, but refunds are fast.",2024-03-17,SwiftEats Express Delivery
REV-3018,Daniel Boulud,5,"Exceptional delivery experience. Meals arrive promptly in thermal insulated bags, preserving temperature and gourmet texture flawlessly.",2024-03-22,SwiftEats Express Delivery
REV-3019,Heston Blumenthal,2,"Food was tossed around inside the bag; soup spilled all over the entrees. Packing guidelines need to be enforced with drivers.",2024-03-26,SwiftEats Express Delivery
REV-3020,Ferran Adria,5,"Swift and reliable food delivery service. Wide variety of international cuisines and seamless one-click reordering.",2024-03-31,SwiftEats Express Delivery
REV-3021,Alain Ducasse,1,"Wrong meal delivered entirely! Received spicy meat dishes instead of our vegan dinner. Customer support refused a refund and offered a $3 voucher.",2024-04-04,SwiftEats Express Delivery
REV-3022,Gaston Acurio,4,"Consistent delivery quality, good courier communication via SMS, and tasty restaurant options. My go-to weeknight dinner app.",2024-04-09,SwiftEats Express Delivery
REV-3023,Yotam Ottolenghi,5,"Delightful service. Fresh salads and warm bread arrived in pristine condition. Live tracking gives peace of mind.",2024-04-13,SwiftEats Express Delivery
REV-3024,Clare Smyth,3,"Food delivery was on time, but food temperature was lukewarm. Microwave was needed to enjoy the dinner.",2024-04-18,SwiftEats Express Delivery
REV-3025,Anne-Sophie Pic,5,"Fast courier dispatch, accurate GPS tracking, and courteous drivers. The subscription pass saves significant delivery fee costs.",2024-04-22,SwiftEats Express Delivery
REV-4001,Jessica Pearson,5,"ApexFit Pulse is an incredible fitness tracker! Heart rate monitoring is remarkably accurate during intense HIIT workouts, and sleep stage tracking is insightful.",2024-01-05,ApexFit Pulse Smartwatch
REV-4002,Harvey Specter,5,"Sleek titanium bezel, vibrant AMOLED display that is easily readable in direct sunlight, and battery lasts a full 7 days on a single charge.",2024-01-09,ApexFit Pulse Smartwatch
REV-4003,Louis Litt,1,"Completely inaccurate step counting! It registers 2,000 steps while I am sitting at my desk typing. Heart rate sensor spikes randomly to 180 bpm while resting. Defective product.",2024-01-14,ApexFit Pulse Smartwatch
REV-4004,Donna Paulsen,4,"Love the daily readiness score and guided breathing exercises. The silicone band is soft and breathable. Companion app syncs smoothly with Apple Health.",2024-01-18,ApexFit Pulse Smartwatch
REV-4005,Mike Ross,2,"Screen scratched very easily within the first week despite claimed gorilla glass durability. GPS lock takes up to 4 minutes before running.",2024-01-23,ApexFit Pulse Smartwatch
REV-4006,Rachel Zane,5,"Lightweight, stylish, and full of features! Automatic workout detection works like magic when I start swimming or cycling.",2024-01-27,ApexFit Pulse Smartwatch
REV-4007,Robert Zane,1,"Died after a 15-minute swim despite being advertised with 50m water resistance. Water leaked into the sensor casing. Warranty claim was rejected by support.",2024-02-01,ApexFit Pulse Smartwatch
REV-4008,Katrina Bennett,4,"Battery longevity is impressive. 6 to 7 days easily with continuous heart monitoring. Notification previews from my phone are very convenient.",2024-02-05,ApexFit Pulse Smartwatch
REV-4009,Alex Williams,3,"Decent fitness tracker for basic step and calorie counting, but sleep tracking is hit or miss. It often mistakes reading in bed for deep sleep.",2024-02-10,ApexFit Pulse Smartwatch
REV-4010,Samantha Wheeler,5,"Superior accuracy compared to Fitbit and Garmin. SpO2 blood oxygen sensor and skin temperature tracking gave early warning when I caught the flu!",2024-02-14,ApexFit Pulse Smartwatch
REV-4011,Harold Gunderson,1,"The charging dock pins broke off after 3 weeks. You have to buy a proprietary $35 replacement charger. Horrible design flaw.",2024-02-18,ApexFit Pulse Smartwatch
REV-4012,Gretchen Bodinski,5,"Vibrant bright screen, comfortable strap, and battery that keeps going all week. Great motivational workout milestones.",2024-02-23,ApexFit Pulse Smartwatch
REV-4013,Daniel Hardman,2,"Companion app is plagued with intrusive premium subscription paywalls. Essential health analytics are locked behind a $10/month paywall.",2024-02-27,ApexFit Pulse Smartwatch
REV-4014,Sean Cahill,4,"Great GPS accuracy for outdoor marathon training. Lightweight on the wrist and sleep insights have genuinely helped me optimize recovery.",2024-03-03,ApexFit Pulse Smartwatch
REV-4015,Travis Tanner,1,"Constant Bluetooth disconnection from Android phones. Need to restart phone and watch daily to receive notifications. Frustrating experience.",2024-03-07,ApexFit Pulse Smartwatch
REV-4016,Anita Gibbs,5,"Exceptional health companion. Heart rate zones are spot on during cardio workouts. Beautiful customizable watch faces.",2024-03-12,ApexFit Pulse Smartwatch
REV-4017,Cameron Dennis,3,"Average smartwatch. Build quality is good, but vibration motor is weak and I often miss morning alarms and incoming calls.",2024-03-16,ApexFit Pulse Smartwatch
REV-4018,Sheila Sazs,5,"Beautiful aesthetic design, durable strap, and accurate calorie metrics. Battery lasts over a week without needing a top-up.",2024-03-21,ApexFit Pulse Smartwatch
REV-4019,Jack Soloff,1,"Severe skin allergic rash caused by the nickel alloy in the sensor backing. Company support dismissed my dermatological complaint.",2024-03-25,ApexFit Pulse Smartwatch
REV-4020,Dana Scott,5,"Outstanding fitness tracking capabilities. Sleep apnea screening detected irregular breathing patterns. Truly a lifesaver.",2024-03-30,ApexFit Pulse Smartwatch
REV-9001,Bot_User_01,5,"Best product ever loved it highly recommend everyone buy now excellent quality superb fast delivery best ever!",2024-06-02,NovaSound Pro Headphones
REV-9002,Bot_User_02,5,"Best product ever loved it highly recommend everyone buy now excellent quality superb fast delivery best ever!",2024-06-02,NovaSound Pro Headphones
REV-9003,Bot_User_03,5,"Best product ever loved it highly recommend everyone buy now excellent quality superb fast delivery best ever!",2024-06-02,NovaSound Pro Headphones
REV-9004,Bot_User_04,5,"Best product ever loved it highly recommend everyone buy now excellent quality superb fast delivery best ever!",2024-06-02,NovaSound Pro Headphones
REV-9005,SpamAccount99,1,"bad bad bad bad bad terrible terrible terrible awful awful awful terrible bad bad bad horrible horrible horrible",2024-06-05,SwiftEats Express Delivery
REV-9006,SpamAccount98,1,"worst worst worst hate hate hate terrible terrible terrible broken broken broken trash trash trash",2024-06-06,CloudSync Cloud Storage
REV-9007,MismatchUser1,5,"Horrible dreadful product. Broke immediately upon opening box. Complete waste of money and customer service was rude and useless.",2024-06-10,NovaSound Pro Headphones
REV-9008,MismatchUser2,1,"Absolutely fantastic! Best purchase I have made in years. Exceptional sound, flawless battery life, and outstanding customer care. 10/10 love it!",2024-06-11,NovaSound Pro Headphones
REV-9009,MismatchUser3,5,"Total scam and disaster. Files were corrupted, account was locked, support ignored me. Never buy this service.",2024-06-12,CloudSync Cloud Storage
REV-9010,QuickR1,4,"good",2024-06-15,SwiftEats Express Delivery
REV-9011,QuickR2,1,"no",2024-06-16,ApexFit Pulse Smartwatch
REV-9012,NovelWriter,5,"I embarked upon this consumer journey with immense skepticism regarding the claims of active acoustic isolation and sonic fidelity. Upon unwrapping the multi-layered recyclable cardboard packaging, my senses were immediately treated to the olfactory bouquet of genuine polymer materials and pristine audio engineering. As I placed the headset upon my cranium, adjusting each detent with microscopic precision, a serene quietude descended upon my suburban domicile. The tonal balance exhibited in the mid-range frequencies, when auditioning Mahler's Symphony No. 2, revealed an acoustic soundstage hitherto unimagined in consumer-grade transducers. Furthermore, the micro-dynamics of the brass crescendo resonated with zero harmonic distortion. This device transcends mere utility and achieves the status of an auditory heirloom for generations yet unborn.",2024-06-18,NovaSound Pro Headphones
